name,n,seed,knobs,runtime,exception,is_feasible,overlap,area_gap,hpwl_gap,violations_relative,cost
base_n21_s1,21,1,"{'n': 21, 'seed': 1}",0.0496370792388916,,True,,0.0,0.0,0.0,1.0
base_n21_s2,21,2,"{'n': 21, 'seed': 2}",0.05518841743469238,,True,,0.0,0.0,0.0,1.0
base_n21_s3,21,3,"{'n': 21, 'seed': 3}",0.04852294921875,,True,,0.0,0.0,0.0,1.0
base_n60_s1,60,1,"{'n': 60, 'seed': 1}",0.31674838066101074,,True,,0.0,0.0,0.03225806451612903,1.0666427820217474
base_n60_s2,60,2,"{'n': 60, 'seed': 2}",0.055400848388671875,,True,,0.0,0.0,0.03333333333333333,1.0689391057472464
base_n60_s3,60,3,"{'n': 60, 'seed': 3}",0.055715322494506836,,True,,0.0,0.0,0.0,1.0
base_n90_s1,90,1,"{'n': 90, 'seed': 1}",0.5792996883392334,,True,,0.0,0.0,0.03125,1.0644944589178593
base_n90_s2,90,2,"{'n': 90, 'seed': 2}",0.3605027198791504,,True,,0.0,0.0,0.02702702702702703,1.055541656918825
base_n90_s3,90,3,"{'n': 90, 'seed': 3}",0.36045241355895996,,True,,0.0,0.0,0.03225806451612903,1.0666427820217474
base_n105_s1,105,1,"{'n': 105, 'seed': 1}",0.54142165184021,,True,,0.0,0.0,0.02564102564102564,1.0526197441660043
base_n105_s2,105,2,"{'n': 105, 'seed': 2}",0.5735447406768799,,True,,0.0,0.0,0.0,1.0
base_n105_s3,105,3,"{'n': 105, 'seed': 3}",0.791245698928833,,True,,0.0,0.0,0.0,1.0
base_n120_s1,120,1,"{'n': 120, 'seed': 1}",1.1781806945800781,,True,,0.0,0.0,0.0,1.0
base_n120_s2,120,2,"{'n': 120, 'seed': 2}",1.2133104801177979,,True,,0.0,0.0,0.0,1.0
base_n120_s3,120,3,"{'n': 120, 'seed': 3}",1.1858367919921875,,True,,0.0,0.0,0.0,1.0
manyclusters_n21_s1,21,1,"{'n': 21, 'seed': 1, 'n_clusters': 7}",0.05417227745056152,,True,,0.0,0.0,0.0,1.0
manyclusters_n21_s2,21,2,"{'n': 21, 'seed': 2, 'n_clusters': 7}",0.049851417541503906,,True,,0.0,0.0,0.0,1.0
manyclusters_n60_s1,60,1,"{'n': 60, 'seed': 1, 'n_clusters': 20}",0.06429409980773926,,True,,0.0,0.0,0.0,1.0
manyclusters_n60_s2,60,2,"{'n': 60, 'seed': 2, 'n_clusters': 20}",0.06356692314147949,,True,,0.0,0.0,0.0,1.0
manyclusters_n90_s1,90,1,"{'n': 90, 'seed': 1, 'n_clusters': 30}",0.5487110614776611,,True,,0.0,0.0,0.013513513513513514,1.0273955698360904
manyclusters_n90_s2,90,2,"{'n': 90, 'seed': 2, 'n_clusters': 30}",0.3642246723175049,,True,,0.0,0.0,0.0,1.0
manyclusters_n105_s1,105,1,"{'n': 105, 'seed': 1, 'n_clusters': 35}",0.4994661808013916,,True,,0.0,0.0,0.01098901098901099,1.0222213178209634
manyclusters_n105_s2,105,2,"{'n': 105, 'seed': 2, 'n_clusters': 35}",0.5942189693450928,,True,,0.0,0.0,0.0,1.0
manyclusters_n120_s1,120,1,"{'n': 120, 'seed': 1, 'n_clusters': 40}",0.9566459655761719,,True,,0.0,0.0,0.0,1.0
manyclusters_n120_s2,120,2,"{'n': 120, 'seed': 2, 'n_clusters': 40}",1.2035048007965088,,True,,0.0,0.0,0.0,1.0
manymib_n21_s1,21,1,"{'n': 21, 'seed': 1, 'n_mib': 5}",0.05089116096496582,,True,,0.0,0.0,0.0,1.0
manymib_n21_s2,21,2,"{'n': 21, 'seed': 2, 'n_mib': 5}",0.05033755302429199,,True,,0.0,0.0,0.0,1.0
manymib_n60_s1,60,1,"{'n': 60, 'seed': 1, 'n_mib': 15}",0.05579042434692383,,True,,0.0,0.0,0.06382978723404255,1.136166156886399
manymib_n60_s2,60,2,"{'n': 60, 'seed': 2, 'n_mib': 15}",0.05550098419189453,,True,,0.0,0.0,0.023255813953488372,1.0476102605123685
manymib_n90_s1,90,1,"{'n': 90, 'seed': 1, 'n_mib': 22}",0.35579752922058105,,True,,0.0,0.0,0.017241379310344827,1.0350841819432672
manymib_n90_s2,90,2,"{'n': 90, 'seed': 2, 'n_mib': 22}",0.3537907600402832,,True,,0.0,0.0,0.06060606060606061,1.1288643430450505
manymib_n105_s1,105,1,"{'n': 105, 'seed': 1, 'n_mib': 26}",0.4733421802520752,,True,,0.0,0.0,0.08,1.1735108709918103
manymib_n105_s2,105,2,"{'n': 105, 'seed': 2, 'n_mib': 26}",0.485828161239624,,True,,0.0,0.0,0.013888888888888888,1.0281671774377144
manymib_n120_s1,120,1,"{'n': 120, 'seed': 1, 'n_mib': 30}",1.1377105712890625,,True,,0.0,0.0,0.06756756756756757,1.1446914619352877
manymib_n120_s2,120,2,"{'n': 120, 'seed': 2, 'n_mib': 30}",1.1187117099761963,,True,,0.0,0.0,0.05952380952380952,1.126423556228212
fixedheavy_n21_s1,21,1,"{'n': 21, 'seed': 1, 'frac_fixed': 0.6}",0.047759294509887695,,False,,0.0,0.0,0.0,10.0
fixedheavy_n21_s2,21,2,"{'n': 21, 'seed': 2, 'frac_fixed': 0.6}",0.04429793357849121,,True,,0.0,0.0,0.0,1.0
fixedheavy_n60_s1,60,1,"{'n': 60, 'seed': 1, 'frac_fixed': 0.6}",0.05577802658081055,,True,,0.0,0.0,0.06060606060606061,1.1288643430450505
fixedheavy_n60_s2,60,2,"{'n': 60, 'seed': 2, 'frac_fixed': 0.6}",0.054177284240722656,,True,,0.0,0.0,0.034482758620689655,1.0713992637091627
fixedheavy_n90_s1,90,1,"{'n': 90, 'seed': 1, 'frac_fixed': 0.6}",0.43271470069885254,,True,,0.0,0.0,0.058823529411764705,1.1248470364630236
fixedheavy_n90_s2,90,2,"{'n': 90, 'seed': 2, 'frac_fixed': 0.6}",0.5039899349212646,,True,,0.0,0.0,0.02631578947368421,1.0540412425918024
fixedheavy_n105_s1,105,1,"{'n': 105, 'seed': 1, 'frac_fixed': 0.6}",0.4943249225616455,,True,,0.0,0.0,0.06060606060606061,1.1288643430450505
fixedheavy_n105_s2,105,2,"{'n': 105, 'seed': 2, 'frac_fixed': 0.6}",0.47963428497314453,,True,,0.0,0.0,0.07692307692307693,1.16631144044593
fixedheavy_n120_s1,120,1,"{'n': 120, 'seed': 1, 'frac_fixed': 0.6}",1.3255469799041748,,True,,0.0,0.0,0.05,1.1051709180756477
fixedheavy_n120_s2,120,2,"{'n': 120, 'seed': 2, 'frac_fixed': 0.6}",1.212641716003418,,True,,0.0,0.0,0.11904761904761904,1.2688300280258125
preplacedheavy_n21_s1,21,1,"{'n': 21, 'seed': 1, 'n_preplaced': 4}",0.04324007034301758,,False,,0.0,0.0,0.0,10.0
preplacedheavy_n21_s2,21,2,"{'n': 21, 'seed': 2, 'n_preplaced': 4}",0.04385018348693848,,False,,0.0,0.0,0.0,10.0
preplacedheavy_n60_s1,60,1,"{'n': 60, 'seed': 1, 'n_preplaced': 12}",0.058897972106933594,,False,,0.0,0.0,0.03333333333333333,10.0
preplacedheavy_n60_s2,60,2,"{'n': 60, 'seed': 2, 'n_preplaced': 12}",0.05674552917480469,,False,,0.0,0.0,0.0,10.0
preplacedheavy_n90_s1,90,1,"{'n': 90, 'seed': 1, 'n_preplaced': 18}",0.3936152458190918,,False,,0.0,0.0,0.03125,10.0
preplacedheavy_n90_s2,90,2,"{'n': 90, 'seed': 2, 'n_preplaced': 18}",0.3577992916107178,,False,,0.0,0.0,0.0625,10.0
preplacedheavy_n105_s1,105,1,"{'n': 105, 'seed': 1, 'n_preplaced': 21}",0.4740445613861084,,False,,0.0,0.0,0.0,10.0
preplacedheavy_n105_s2,105,2,"{'n': 105, 'seed': 2, 'n_preplaced': 21}",0.4738619327545166,,False,,0.0,0.0,0.0,10.0
preplacedheavy_n120_s1,120,1,"{'n': 120, 'seed': 1, 'n_preplaced': 24}",1.061837911605835,,False,,0.0,0.0,0.0,10.0
preplacedheavy_n120_s2,120,2,"{'n': 120, 'seed': 2, 'n_preplaced': 24}",1.0495638847351074,,False,,0.0,0.0,0.023809523809523808,10.0
boundaryheavy_n21_s1,21,1,"{'n': 21, 'seed': 1, 'frac_boundary': 0.9}",0.047183990478515625,,True,,0.0,0.0,0.16666666666666666,1.3956124250860895
boundaryheavy_n21_s2,21,2,"{'n': 21, 'seed': 2, 'frac_boundary': 0.9}",0.044722795486450195,,True,,0.0,0.0,0.0967741935483871,1.2135481052004824
boundaryheavy_n60_s1,60,1,"{'n': 60, 'seed': 1, 'frac_boundary': 0.9}",0.05492830276489258,,True,,0.0,0.0,0.1780821917808219,1.4278422427666888
boundaryheavy_n60_s2,60,2,"{'n': 60, 'seed': 2, 'frac_boundary': 0.9}",0.05894327163696289,,True,,0.0,0.0,0.0958904109589041,1.2114049744463569
boundaryheavy_n90_s1,90,1,"{'n': 90, 'seed': 1, 'frac_boundary': 0.9}",0.4068875312805176,,True,,0.0,0.0,0.1717171717171717,1.4097809580681384
boundaryheavy_n90_s2,90,2,"{'n': 90, 'seed': 2, 'frac_boundary': 0.9}",0.3977334499359131,,True,,0.0,0.0,0.1262135922330097,1.2871457685359764
boundaryheavy_n105_s1,105,1,"{'n': 105, 'seed': 1, 'frac_boundary': 0.9}",0.4900081157684326,,True,,0.0,0.0,0.10091743119266056,1.2236459214570823
boundaryheavy_n105_s2,105,2,"{'n': 105, 'seed': 2, 'frac_boundary': 0.9}",0.49141740798950195,,True,,0.0,0.0,0.14782608695652175,1.344002596357951
boundaryheavy_n120_s1,120,1,"{'n': 120, 'seed': 1, 'frac_boundary': 0.9}",1.1916835308074951,,True,,0.0,0.0,0.2125984251968504,1.5298915497775087
boundaryheavy_n120_s2,120,2,"{'n': 120, 'seed': 2, 'frac_boundary': 0.9}",1.2191541194915771,,True,,0.0,0.0,0.1484375,1.3456470830494105
zeropins_n21_s1,21,1,"{'n': 21, 'seed': 1, 'n_pins': 0}",0.0478823184967041,,True,,0.0,0.0,0.0,1.0
zeropins_n60_s1,60,1,"{'n': 60, 'seed': 1, 'n_pins': 0}",0.054991960525512695,,True,,0.0,0.0,0.03225806451612903,1.0666427820217474
zeropins_n90_s1,90,1,"{'n': 90, 'seed': 1, 'n_pins': 0}",0.3580164909362793,,True,,0.0,0.0,0.0625,1.1331484530668263
zeropins_n105_s1,105,1,"{'n': 105, 'seed': 1, 'n_pins': 0}",0.4753415584564209,,True,,0.0,0.0,0.02564102564102564,1.0526197441660043
zeropins_n120_s1,120,1,"{'n': 120, 'seed': 1, 'n_pins': 0}",1.178217887878418,,True,,0.0,0.0,0.0,1.0
manypins_n21_s1,21,1,"{'n': 21, 'seed': 1, 'n_pins': 200}",0.048560380935668945,,True,,0.0,0.0,0.0,1.0
manypins_n60_s1,60,1,"{'n': 60, 'seed': 1, 'n_pins': 300}",0.062044620513916016,,True,,0.0,0.0,0.03225806451612903,1.0666427820217474
manypins_n90_s1,90,1,"{'n': 90, 'seed': 1, 'n_pins': 450}",0.3713243007659912,,True,,0.0,0.0,0.03125,1.0644944589178593
manypins_n105_s1,105,1,"{'n': 105, 'seed': 1, 'n_pins': 525}",0.4807438850402832,,True,,0.0,0.0,0.02564102564102564,1.0526197441660043
manypins_n120_s1,120,1,"{'n': 120, 'seed': 1, 'n_pins': 600}",1.1805877685546875,,True,,0.0,0.0,0.0,1.0
anchored_n21_s1,21,1,"{'n': 21, 'seed': 1, 'n_clusters': 6, 'n_preplaced': 5, 'anchor_clusters': 4}",0.04473447799682617,,False,,0.0,0.0,0.21052631578947367,10.0
anchored_n21_s2,21,2,"{'n': 21, 'seed': 2, 'n_clusters': 6, 'n_preplaced': 5, 'anchor_clusters': 4}",0.04814553260803223,,False,,0.0,0.0,0.15789473684210525,10.0
anchored_n60_s1,60,1,"{'n': 60, 'seed': 1, 'n_clusters': 6, 'n_preplaced': 5, 'anchor_clusters': 4}",0.058913469314575195,,False,,0.0,0.0,0.08571428571428572,10.0
anchored_n60_s2,60,2,"{'n': 60, 'seed': 2, 'n_clusters': 6, 'n_preplaced': 5, 'anchor_clusters': 4}",0.056301116943359375,,False,,0.0,0.0,0.11764705882352941,10.0
anchored_n90_s1,90,1,"{'n': 90, 'seed': 1, 'n_clusters': 6, 'n_preplaced': 5, 'anchor_clusters': 4}",0.4146995544433594,,False,,0.0,0.0,0.05405405405405406,10.0
anchored_n90_s2,90,2,"{'n': 90, 'seed': 2, 'n_clusters': 6, 'n_preplaced': 5, 'anchor_clusters': 4}",0.4063131809234619,,False,,0.0,0.0,0.047619047619047616,10.0
anchored_n105_s1,105,1,"{'n': 105, 'seed': 1, 'n_clusters': 6, 'n_preplaced': 5, 'anchor_clusters': 4}",0.4879882335662842,,False,,0.0,0.0,0.024390243902439025,10.0
anchored_n105_s2,105,2,"{'n': 105, 'seed': 2, 'n_clusters': 6, 'n_preplaced': 5, 'anchor_clusters': 4}",0.7038524150848389,,False,,0.0,0.0,0.08888888888888889,10.0
anchored_n120_s1,120,1,"{'n': 120, 'seed': 1, 'n_clusters': 6, 'n_preplaced': 5, 'anchor_clusters': 4}",1.2017431259155273,,True,,0.0,0.0,0.05263157894736842,1.1110029410844708
anchored_n120_s2,120,2,"{'n': 120, 'seed': 2, 'n_clusters': 6, 'n_preplaced': 5, 'anchor_clusters': 4}",1.0839428901672363,,False,,0.0,0.0,0.04878048780487805,10.0
kitchensink_n21_s1,21,1,"{'n': 21, 'seed': 1, 'frac_fixed': 0.4, 'n_preplaced': 3, 'frac_boundary': 0.5, 'n_clusters': 4, 'n_mib': 3, 'edge_mult': 6.0, 'n_pins': 100, 'anchor_clusters': 3}",0.04964923858642578,,False,,0.0,0.0,0.24,10.0
kitchensink_n21_s2,21,2,"{'n': 21, 'seed': 2, 'frac_fixed': 0.4, 'n_preplaced': 3, 'frac_boundary': 0.5, 'n_clusters': 4, 'n_mib': 3, 'edge_mult': 6.0, 'n_pins': 100, 'anchor_clusters': 3}",0.04960489273071289,,False,,0.0,0.0,0.2,10.0
kitchensink_n21_s3,21,3,"{'n': 21, 'seed': 3, 'frac_fixed': 0.4, 'n_preplaced': 3, 'frac_boundary': 0.5, 'n_clusters': 4, 'n_mib': 3, 'edge_mult': 6.0, 'n_pins': 100, 'anchor_clusters': 3}",0.05199074745178223,,False,,0.0,0.0,0.25,10.0
kitchensink_n60_s1,60,1,"{'n': 60, 'seed': 1, 'frac_fixed': 0.4, 'n_preplaced': 10, 'frac_boundary': 0.5, 'n_clusters': 12, 'n_mib': 10, 'edge_mult': 6.0, 'n_pins': 180, 'anchor_clusters': 3}",0.05904650688171387,,False,,0.0,0.0,0.203125,10.0
kitchensink_n60_s2,60,2,"{'n': 60, 'seed': 2, 'frac_fixed': 0.4, 'n_preplaced': 10, 'frac_boundary': 0.5, 'n_clusters': 12, 'n_mib': 10, 'edge_mult': 6.0, 'n_pins': 180, 'anchor_clusters': 3}",0.06106424331665039,,False,,0.0,0.0,0.22580645161290322,10.0
kitchensink_n60_s3,60,3,"{'n': 60, 'seed': 3, 'frac_fixed': 0.4, 'n_preplaced': 10, 'frac_boundary': 0.5, 'n_clusters': 12, 'n_mib': 10, 'edge_mult': 6.0, 'n_pins': 180, 'anchor_clusters': 3}",0.06281518936157227,,False,,0.0,0.0,0.20967741935483872,10.0
kitchensink_n90_s1,90,1,"{'n': 90, 'seed': 1, 'frac_fixed': 0.4, 'n_preplaced': 15, 'frac_boundary': 0.5, 'n_clusters': 18, 'n_mib': 15, 'edge_mult': 6.0, 'n_pins': 270, 'anchor_clusters': 3}",0.4111185073852539,,False,,0.0,0.0,0.17204301075268819,10.0
kitchensink_n90_s2,90,2,"{'n': 90, 'seed': 2, 'frac_fixed': 0.4, 'n_preplaced': 15, 'frac_boundary': 0.5, 'n_clusters': 18, 'n_mib': 15, 'edge_mult': 6.0, 'n_pins': 270, 'anchor_clusters': 3}",0.3752586841583252,,False,,0.0,0.0,0.1836734693877551,10.0
kitchensink_n90_s3,90,3,"{'n': 90, 'seed': 3, 'frac_fixed': 0.4, 'n_preplaced': 15, 'frac_boundary': 0.5, 'n_clusters': 18, 'n_mib': 15, 'edge_mult': 6.0, 'n_pins': 270, 'anchor_clusters': 3}",0.376986026763916,,False,,0.0,0.0,0.2111111111111111,10.0
kitchensink_n105_s1,105,1,"{'n': 105, 'seed': 1, 'frac_fixed': 0.4, 'n_preplaced': 17, 'frac_boundary': 0.5, 'n_clusters': 21, 'n_mib': 17, 'edge_mult': 6.0, 'n_pins': 315, 'anchor_clusters': 3}",0.47948408126831055,,False,,0.0,0.0,0.21428571428571427,10.0
kitchensink_n105_s2,105,2,"{'n': 105, 'seed': 2, 'frac_fixed': 0.4, 'n_preplaced': 17, 'frac_boundary': 0.5, 'n_clusters': 21, 'n_mib': 17, 'edge_mult': 6.0, 'n_pins': 315, 'anchor_clusters': 3}",0.442110538482666,,False,,0.0,0.0,0.23008849557522124,10.0
kitchensink_n105_s3,105,3,"{'n': 105, 'seed': 3, 'frac_fixed': 0.4, 'n_preplaced': 17, 'frac_boundary': 0.5, 'n_clusters': 21, 'n_mib': 17, 'edge_mult': 6.0, 'n_pins': 315, 'anchor_clusters': 3}",0.47870302200317383,,False,,0.0,0.0,0.25663716814159293,10.0
kitchensink_n120_s1,120,1,"{'n': 120, 'seed': 1, 'frac_fixed': 0.4, 'n_preplaced': 20, 'frac_boundary': 0.5, 'n_clusters': 24, 'n_mib': 20, 'edge_mult': 6.0, 'n_pins': 360, 'anchor_clusters': 3}",0.8853561878204346,,False,,0.0,0.0,0.20161290322580644,10.0
kitchensink_n120_s2,120,2,"{'n': 120, 'seed': 2, 'frac_fixed': 0.4, 'n_preplaced': 20, 'frac_boundary': 0.5, 'n_clusters': 24, 'n_mib': 20, 'edge_mult': 6.0, 'n_pins': 360, 'anchor_clusters': 3}",0.9658284187316895,,False,,0.0,0.0,0.16,10.0
kitchensink_n120_s3,120,3,"{'n': 120, 'seed': 3, 'frac_fixed': 0.4, 'n_preplaced': 20, 'frac_boundary': 0.5, 'n_clusters': 24, 'n_mib': 20, 'edge_mult': 6.0, 'n_pins': 360, 'anchor_clusters': 3}",0.9627761840820312,,False,,0.0,0.0,0.21951219512195122,10.0
denseedges_n60_s1,60,1,"{'n': 60, 'seed': 1, 'edge_mult': 15.0}",0.054988861083984375,,True,,0.0,0.0,0.03225806451612903,1.0666427820217474
denseedges_n120_s1,120,1,"{'n': 120, 'seed': 1, 'edge_mult': 15.0}",1.3188467025756836,,True,,0.0,0.0,0.0,1.0
allpreplaced_n21_s1,21,1,"{'n': 21, 'seed': 1, 'n_preplaced': 21}",0.03953194618225098,,False,,0.0,0.0,0.0,10.0
allpreplaced_n60_s1,60,1,"{'n': 60, 'seed': 1, 'n_preplaced': 60}",0.0457308292388916,,False,,0.0,0.0,0.0,10.0
almostallfixed_n21_s1,21,1,"{'n': 21, 'seed': 1, 'frac_fixed': 0.95}",0.046712636947631836,,True,,0.0,0.0,0.0,1.0
almostallfixed_n60_s1,60,1,"{'n': 60, 'seed': 1, 'frac_fixed': 0.95}",0.05420041084289551,,True,,0.0,0.0,0.09523809523809523,1.209825567923887
